<?xml version="1.0" encoding="UTF-8"?>
<project-private xmlns="http://www.netbeans.org/ns/project-private/1">
    <editor-bookmarks xmlns="http://www.netbeans.org/ns/editor-bookmarks/2" lastBookmarkId="0"/>
    <open-files xmlns="http://www.netbeans.org/ns/projectui-open-files/2">
        <group>
            <file>file:/home/swatch/Desktop/Thesis_Chennai/MultiselectableExpt/Shareable/src/packageA/MemoryMeasurement.java</file>
            <file>file:/home/swatch/Desktop/Thesis_Chennai/MultiselectableExpt/Shareable/src/packageTest/ComnCard.java</file>
            <file>file:/home/swatch/Desktop/Thesis_Chennai/MultiselectableExpt/Shareable/src/packageA/MemoryMeasurementApplet.java</file>
            <file>file:/home/swatch/Desktop/Thesis_Chennai/MultiselectableExpt/Shareable/src/packageA/ServerApplet.java</file>
        </group>
    </open-files>
</project-private>
